<?xml version="1.0" encoding="UTF-8"?>
<export version="D">
  <design>
    <source>C:\Users\Max\Documents\School\Classes\ECE5780\H_Bridge\H_Bridge.sch</source>
    <date>1/21/2016 6:40:42 PM</date>
    <tool>Eeschema 4.0.1-stable</tool>
    <sheet number="1" name="/" tstamps="/">
      <title_block>
        <title/>
        <company/>
        <rev/>
        <date/>
        <source>H_Bridge.sch</source>
        <comment number="1" value=""/>
        <comment number="2" value=""/>
        <comment number="3" value=""/>
        <comment number="4" value=""/>
      </title_block>
    </sheet>
  </design>
  <components>
    <comp ref="U1">
      <value>L298</value>
      <footprint>H_Bridge:L298</footprint>
      <libsource lib="H_Bridge-rescue" part="L298-RESCUE-H_Bridge"/>
      <sheetpath names="/" tstamps="/"/>
      <tstamp>5698B733</tstamp>
    </comp>
    <comp ref="D4">
      <value>D</value>
      <footprint>Diodes_ThroughHole:Diode_TO-220_Horizontal</footprint>
      <libsource lib="device" part="D"/>
      <sheetpath names="/" tstamps="/"/>
      <tstamp>5699AD7D</tstamp>
    </comp>
    <comp ref="D5">
      <value>D</value>
      <footprint>Diodes_ThroughHole:Diode_TO-220_Horizontal</footprint>
      <libsource lib="device" part="D"/>
      <sheetpath names="/" tstamps="/"/>
      <tstamp>5699E224</tstamp>
    </comp>
    <comp ref="D6">
      <value>D</value>
      <footprint>Diodes_ThroughHole:Diode_TO-220_Horizontal</footprint>
      <libsource lib="device" part="D"/>
      <sheetpath names="/" tstamps="/"/>
      <tstamp>5699E29D</tstamp>
    </comp>
    <comp ref="D7">
      <value>D</value>
      <footprint>Diodes_ThroughHole:Diode_TO-220_Horizontal</footprint>
      <libsource lib="device" part="D"/>
      <sheetpath names="/" tstamps="/"/>
      <tstamp>5699E377</tstamp>
    </comp>
    <comp ref="R1">
      <value>PF1262</value>
      <footprint>H_Bridge:PF1262</footprint>
      <libsource lib="H_Bridge" part="PF1262"/>
      <sheetpath names="/" tstamps="/"/>
      <tstamp>569C510F</tstamp>
    </comp>
    <comp ref="P1">
      <value>CONN_01X03</value>
      <footprint>Pin_Headers:Pin_Header_Straight_1x03</footprint>
      <libsource lib="conn" part="CONN_01X03"/>
      <sheetpath names="/" tstamps="/"/>
      <tstamp>569F1348</tstamp>
    </comp>
    <comp ref="U2">
      <value>LM75A</value>
      <footprint>H_Bridge:LM75A</footprint>
      <libsource lib="H_Bridge-rescue" part="LM75A-RESCUE-H_Bridge"/>
      <sheetpath names="/" tstamps="/"/>
      <tstamp>569F3E76</tstamp>
    </comp>
    <comp ref="R2">
      <value>10k</value>
      <footprint>Resistors_SMD:R_0201</footprint>
      <libsource lib="device" part="R"/>
      <sheetpath names="/" tstamps="/"/>
      <tstamp>569F4573</tstamp>
    </comp>
    <comp ref="R3">
      <value>10k</value>
      <footprint>Resistors_SMD:R_0201</footprint>
      <libsource lib="device" part="R"/>
      <sheetpath names="/" tstamps="/"/>
      <tstamp>569F48A3</tstamp>
    </comp>
    <comp ref="R4">
      <value>10k</value>
      <footprint>Resistors_SMD:R_0201</footprint>
      <libsource lib="device" part="R"/>
      <sheetpath names="/" tstamps="/"/>
      <tstamp>569F48F3</tstamp>
    </comp>
    <comp ref="D1">
      <value>LED</value>
      <footprint>LEDs:LED-3MM</footprint>
      <libsource lib="device" part="LED"/>
      <sheetpath names="/" tstamps="/"/>
      <tstamp>569FAE61</tstamp>
    </comp>
    <comp ref="D2">
      <value>LED</value>
      <footprint>LEDs:LED-3MM</footprint>
      <libsource lib="device" part="LED"/>
      <sheetpath names="/" tstamps="/"/>
      <tstamp>569FAF14</tstamp>
    </comp>
    <comp ref="D3">
      <value>LED</value>
      <footprint>LEDs:LED-3MM</footprint>
      <libsource lib="device" part="LED"/>
      <sheetpath names="/" tstamps="/"/>
      <tstamp>569FAF59</tstamp>
    </comp>
    <comp ref="R6">
      <value>10k</value>
      <footprint>Resistors_SMD:R_0201</footprint>
      <libsource lib="device" part="R"/>
      <sheetpath names="/" tstamps="/"/>
      <tstamp>56A16746</tstamp>
    </comp>
    <comp ref="R7">
      <value>10k</value>
      <footprint>Resistors_SMD:R_0201</footprint>
      <libsource lib="device" part="R"/>
      <sheetpath names="/" tstamps="/"/>
      <tstamp>56A16847</tstamp>
    </comp>
    <comp ref="R8">
      <value>10k</value>
      <footprint>Resistors_SMD:R_0201</footprint>
      <libsource lib="device" part="R"/>
      <sheetpath names="/" tstamps="/"/>
      <tstamp>56A1689B</tstamp>
    </comp>
    <comp ref="P3">
      <value>CONN_01X03</value>
      <footprint>Pin_Headers:Pin_Header_Angled_1x03</footprint>
      <libsource lib="conn" part="CONN_01X03"/>
      <sheetpath names="/" tstamps="/"/>
      <tstamp>56A1AE30</tstamp>
    </comp>
    <comp ref="P5">
      <value>CONN_01X01</value>
      <footprint>Pin_Headers:Pin_Header_Angled_1x01</footprint>
      <libsource lib="conn" part="CONN_01X01"/>
      <sheetpath names="/" tstamps="/"/>
      <tstamp>56A1B204</tstamp>
    </comp>
    <comp ref="P2">
      <value>CONN_01X02</value>
      <footprint>Pin_Headers:Pin_Header_Angled_1x02</footprint>
      <libsource lib="conn" part="CONN_01X02"/>
      <sheetpath names="/" tstamps="/"/>
      <tstamp>56A1B9D0</tstamp>
    </comp>
    <comp ref="C1">
      <value>0.22uF</value>
      <footprint>Capacitors_SMD:c_elec_4x4.5</footprint>
      <libsource lib="device" part="CP"/>
      <sheetpath names="/" tstamps="/"/>
      <tstamp>56A19184</tstamp>
    </comp>
    <comp ref="C2">
      <value>0.22uF</value>
      <footprint>Capacitors_SMD:c_elec_4x4.5</footprint>
      <libsource lib="device" part="CP"/>
      <sheetpath names="/" tstamps="/"/>
      <tstamp>56A19243</tstamp>
    </comp>
    <comp ref="D8">
      <value>TVS</value>
      <footprint>Diodes_ThroughHole:Diode_P600_Horizontal</footprint>
      <libsource lib="device" part="TVS"/>
      <sheetpath names="/" tstamps="/"/>
      <tstamp>56A1B668</tstamp>
    </comp>
    <comp ref="P4">
      <value>CONN_01X06</value>
      <footprint>Pin_Headers:Pin_Header_Angled_1x06</footprint>
      <libsource lib="conn" part="CONN_01X06"/>
      <sheetpath names="/" tstamps="/"/>
      <tstamp>56A228EB</tstamp>
    </comp>
    <comp ref="P6">
      <value>CONN_01X05</value>
      <footprint>Pin_Headers:Pin_Header_Angled_1x05</footprint>
      <libsource lib="conn" part="CONN_01X05"/>
      <sheetpath names="/" tstamps="/"/>
      <tstamp>56A23FDF</tstamp>
    </comp>
  </components>
  <libparts>
    <libpart lib="conn" part="CONN_01X01">
      <description>Connector 01x01</description>
      <footprints>
        <fp>Pin_Header_Straight_1X01</fp>
        <fp>Pin_Header_Angled_1X01</fp>
        <fp>Socket_Strip_Straight_1X01</fp>
        <fp>Socket_Strip_Angled_1X01</fp>
      </footprints>
      <fields>
        <field name="Reference">P</field>
        <field name="Value">CONN_01X01</field>
      </fields>
      <pins>
        <pin num="1" name="P1" type="passive"/>
      </pins>
    </libpart>
    <libpart lib="conn" part="CONN_01X02">
      <description>Connector 01x02</description>
      <footprints>
        <fp>Pin_Header_Straight_1X02</fp>
        <fp>Pin_Header_Angled_1X02</fp>
        <fp>Socket_Strip_Straight_1X02</fp>
        <fp>Socket_Strip_Angled_1X02</fp>
      </footprints>
      <fields>
        <field name="Reference">P</field>
        <field name="Value">CONN_01X02</field>
      </fields>
      <pins>
        <pin num="1" name="P1" type="passive"/>
        <pin num="2" name="P2" type="passive"/>
      </pins>
    </libpart>
    <libpart lib="conn" part="CONN_01X03">
      <description>Connector 01x03</description>
      <footprints>
        <fp>Pin_Header_Straight_1X03</fp>
        <fp>Pin_Header_Angled_1X03</fp>
        <fp>Socket_Strip_Straight_1X03</fp>
        <fp>Socket_Strip_Angled_1X03</fp>
      </footprints>
      <fields>
        <field name="Reference">P</field>
        <field name="Value">CONN_01X03</field>
      </fields>
      <pins>
        <pin num="1" name="P1" type="passive"/>
        <pin num="2" name="P2" type="passive"/>
        <pin num="3" name="P3" type="passive"/>
      </pins>
    </libpart>
    <libpart lib="conn" part="CONN_01X05">
      <description>Connector 01x05</description>
      <footprints>
        <fp>Pin_Header_Straight_1X05</fp>
        <fp>Pin_Header_Angled_1X05</fp>
        <fp>Socket_Strip_Straight_1X05</fp>
        <fp>Socket_Strip_Angled_1X05</fp>
      </footprints>
      <fields>
        <field name="Reference">P</field>
        <field name="Value">CONN_01X05</field>
      </fields>
      <pins>
        <pin num="1" name="P1" type="passive"/>
        <pin num="2" name="P2" type="passive"/>
        <pin num="3" name="P3" type="passive"/>
        <pin num="4" name="P4" type="passive"/>
        <pin num="5" name="P5" type="passive"/>
      </pins>
    </libpart>
    <libpart lib="conn" part="CONN_01X06">
      <description>Connector 01x06</description>
      <footprints>
        <fp>Pin_Header_Straight_1X06</fp>
        <fp>Pin_Header_Angled_1X06</fp>
        <fp>Socket_Strip_Straight_1X06</fp>
        <fp>Socket_Strip_Angled_1X06</fp>
      </footprints>
      <fields>
        <field name="Reference">P</field>
        <field name="Value">CONN_01X06</field>
      </fields>
      <pins>
        <pin num="1" name="P1" type="passive"/>
        <pin num="2" name="P2" type="passive"/>
        <pin num="3" name="P3" type="passive"/>
        <pin num="4" name="P4" type="passive"/>
        <pin num="5" name="P5" type="passive"/>
        <pin num="6" name="P6" type="passive"/>
      </pins>
    </libpart>
    <libpart lib="device" part="CP">
      <description>Polarised capacitor</description>
      <footprints>
        <fp>CP*</fp>
        <fp>Elko*</fp>
        <fp>TantalC*</fp>
        <fp>C*elec</fp>
        <fp>c_elec*</fp>
        <fp>SMD*_Pol</fp>
      </footprints>
      <fields>
        <field name="Reference">C</field>
        <field name="Value">CP</field>
      </fields>
      <pins>
        <pin num="1" name="~" type="passive"/>
        <pin num="2" name="~" type="passive"/>
      </pins>
    </libpart>
    <libpart lib="device" part="D">
      <description>Diode</description>
      <footprints>
        <fp>Diode_*</fp>
        <fp>D-Pak_TO252AA</fp>
        <fp>*SingleDiode</fp>
        <fp>*_Diode_*</fp>
        <fp>*SingleDiode*</fp>
      </footprints>
      <fields>
        <field name="Reference">D</field>
        <field name="Value">D</field>
      </fields>
      <pins>
        <pin num="1" name="K" type="passive"/>
        <pin num="2" name="A" type="passive"/>
      </pins>
    </libpart>
    <libpart lib="H_Bridge-rescue" part="L298-RESCUE-H_Bridge">
      <fields>
        <field name="Reference">U</field>
        <field name="Value">L298-RESCUE-H_Bridge</field>
      </fields>
      <pins>
        <pin num="1" name="curr_sense1" type="passive"/>
        <pin num="2" name="out1" type="passive"/>
        <pin num="3" name="out2" type="passive"/>
        <pin num="4" name="mtr_pwr" type="passive"/>
        <pin num="5" name="in1" type="passive"/>
        <pin num="6" name="enA" type="passive"/>
        <pin num="7" name="in2" type="passive"/>
        <pin num="8" name="GND" type="passive"/>
        <pin num="9" name="logic_pwr" type="passive"/>
        <pin num="10" name="in3" type="passive"/>
        <pin num="11" name="enB" type="passive"/>
        <pin num="12" name="in4" type="passive"/>
        <pin num="13" name="out3" type="passive"/>
        <pin num="14" name="out4" type="passive"/>
        <pin num="15" name="curr_sense2" type="passive"/>
      </pins>
    </libpart>
    <libpart lib="device" part="LED">
      <footprints>
        <fp>LED-3MM</fp>
        <fp>LED-5MM</fp>
        <fp>LED-10MM</fp>
        <fp>LED-0603</fp>
        <fp>LED-0805</fp>
        <fp>LED-1206</fp>
        <fp>LEDV</fp>
      </footprints>
      <fields>
        <field name="Reference">D</field>
        <field name="Value">LED</field>
      </fields>
      <pins>
        <pin num="1" name="K" type="passive"/>
        <pin num="2" name="A" type="passive"/>
      </pins>
    </libpart>
    <libpart lib="H_Bridge-rescue" part="LM75A-RESCUE-H_Bridge">
      <fields>
        <field name="Reference">U</field>
        <field name="Value">LM75A-RESCUE-H_Bridge</field>
      </fields>
      <pins>
        <pin num="1" name="SD" type="input"/>
        <pin num="2" name="SCLK" type="input"/>
        <pin num="3" name="OS" type="input"/>
        <pin num="4" name="GND" type="passive"/>
        <pin num="5" name="A3" type="passive"/>
        <pin num="6" name="A2" type="passive"/>
        <pin num="7" name="A3" type="passive"/>
        <pin num="8" name="+3.3V" type="passive"/>
      </pins>
    </libpart>
    <libpart lib="H_Bridge" part="PF1262">
      <fields>
        <field name="Reference">R</field>
        <field name="Value">PF1262</field>
      </fields>
      <pins>
        <pin num="1" name="Pin1" type="passive"/>
        <pin num="2" name="Pin2" type="passive"/>
      </pins>
    </libpart>
    <libpart lib="device" part="R">
      <description>Resistor</description>
      <footprints>
        <fp>R_*</fp>
        <fp>Resistor_*</fp>
      </footprints>
      <fields>
        <field name="Reference">R</field>
        <field name="Value">R</field>
      </fields>
      <pins>
        <pin num="1" name="~" type="passive"/>
        <pin num="2" name="~" type="passive"/>
      </pins>
    </libpart>
    <libpart lib="device" part="TVS">
      <description>Transient voltage suppressor diode (bi-directional)</description>
      <fields>
        <field name="Reference">D</field>
        <field name="Value">TVS</field>
      </fields>
      <pins>
        <pin num="1" name="~" type="passive"/>
        <pin num="2" name="~" type="passive"/>
      </pins>
    </libpart>
  </libparts>
  <libraries>
    <library logical="H_Bridge-rescue">
      <uri>C:\Users\Max\Documents\School\Classes\ECE5780\H_Bridge\H_Bridge-rescue.lib</uri>
    </library>
    <library logical="device">
      <uri>C:\Program Files\KiCad\share\kicad\library\device.lib</uri>
    </library>
    <library logical="conn">
      <uri>C:\Program Files\KiCad\share\kicad\library\conn.lib</uri>
    </library>
    <library logical="H_Bridge">
      <uri>C:\Users\Max\Documents\School\Classes\ECE5780\H_Bridge\H_Bridge.lib</uri>
    </library>
  </libraries>
  <nets>
    <net code="1" name="Net-(D1-Pad2)">
      <node ref="R8" pin="2"/>
      <node ref="D1" pin="2"/>
    </net>
    <net code="2" name="Net-(D2-Pad2)">
      <node ref="R7" pin="2"/>
      <node ref="D2" pin="2"/>
    </net>
    <net code="3" name="Net-(D3-Pad2)">
      <node ref="R6" pin="2"/>
      <node ref="D3" pin="2"/>
    </net>
    <net code="4" name="Net-(P6-Pad2)">
      <node ref="R3" pin="2"/>
      <node ref="P6" pin="2"/>
      <node ref="U2" pin="1"/>
    </net>
    <net code="5" name="Net-(P6-Pad3)">
      <node ref="U2" pin="3"/>
      <node ref="R2" pin="2"/>
      <node ref="P6" pin="3"/>
    </net>
    <net code="6" name="+3V3">
      <node ref="R2" pin="1"/>
      <node ref="U2" pin="8"/>
      <node ref="R3" pin="1"/>
      <node ref="R4" pin="1"/>
      <node ref="C2" pin="1"/>
      <node ref="P3" pin="2"/>
    </net>
    <net code="7" name="Net-(P6-Pad1)">
      <node ref="P6" pin="1"/>
      <node ref="U2" pin="2"/>
      <node ref="R4" pin="2"/>
    </net>
    <net code="8" name="Net-(P4-Pad6)">
      <node ref="P4" pin="6"/>
      <node ref="P6" pin="5"/>
    </net>
    <net code="9" name="Net-(P4-Pad5)">
      <node ref="P4" pin="5"/>
      <node ref="P6" pin="4"/>
    </net>
    <net code="10" name="Net-(P1-Pad1)">
      <node ref="U1" pin="5"/>
      <node ref="U1" pin="12"/>
      <node ref="R8" pin="1"/>
      <node ref="P1" pin="1"/>
      <node ref="R7" pin="1"/>
    </net>
    <net code="11" name="Net-(P1-Pad3)">
      <node ref="R6" pin="1"/>
      <node ref="U1" pin="6"/>
      <node ref="P1" pin="3"/>
      <node ref="U1" pin="11"/>
    </net>
    <net code="12" name="Net-(P1-Pad2)">
      <node ref="U1" pin="10"/>
      <node ref="U1" pin="7"/>
      <node ref="P1" pin="2"/>
    </net>
    <net code="13" name="Net-(D8-Pad1)">
      <node ref="R1" pin="1"/>
      <node ref="U1" pin="1"/>
      <node ref="U1" pin="15"/>
      <node ref="P5" pin="1"/>
      <node ref="D8" pin="1"/>
    </net>
    <net code="14" name="Net-(D4-Pad2)">
      <node ref="D6" pin="1"/>
      <node ref="U1" pin="14"/>
      <node ref="P4" pin="2"/>
      <node ref="D4" pin="2"/>
      <node ref="U1" pin="2"/>
    </net>
    <net code="15" name="Net-(D5-Pad2)">
      <node ref="P4" pin="1"/>
      <node ref="D7" pin="1"/>
      <node ref="U1" pin="3"/>
      <node ref="U1" pin="13"/>
      <node ref="D5" pin="2"/>
    </net>
    <net code="16" name="GND">
      <node ref="D7" pin="2"/>
      <node ref="C2" pin="2"/>
      <node ref="C1" pin="2"/>
      <node ref="D8" pin="2"/>
      <node ref="D6" pin="2"/>
      <node ref="P3" pin="3"/>
      <node ref="R1" pin="2"/>
      <node ref="P2" pin="2"/>
      <node ref="U1" pin="8"/>
      <node ref="P4" pin="3"/>
      <node ref="D1" pin="1"/>
      <node ref="D2" pin="1"/>
      <node ref="D3" pin="1"/>
      <node ref="U2" pin="4"/>
      <node ref="U2" pin="5"/>
      <node ref="U2" pin="6"/>
      <node ref="U2" pin="7"/>
    </net>
    <net code="17" name="+5V">
      <node ref="P4" pin="4"/>
      <node ref="P3" pin="1"/>
      <node ref="C1" pin="1"/>
      <node ref="U1" pin="9"/>
    </net>
    <net code="18" name="+6V">
      <node ref="U1" pin="4"/>
      <node ref="D5" pin="1"/>
      <node ref="D4" pin="1"/>
      <node ref="P2" pin="1"/>
    </net>
  </nets>
</export>
